<?xml version="1.0" encoding="UTF-8"?>
<profile xmlns="http://csrc.nist.gov/ns/oscal/1.0"
         uuid="d0e81293-52b7-4d60-9c26-bb3eed27af8a">
   <metadata>
      <title>Information Security Manual Essential Eight Maturity Level Two Baseline</title>
      <published>2024-03-05T01:59:03.682064Z</published>
      <last-modified>2024-03-05T01:59:03.682064Z</last-modified>
      <version>2024.03.5</version>
      <oscal-version>1.1.0</oscal-version>
      <link rel="canonical" href="#3f19a985-786f-437c-8f65-6336aa50e2d7"/>
      <link rel="latest-version" href="#3c15e69f-263b-4827-be41-28a87e2b314e"/>
      <link rel="predecessor-version" href="#6587a556-43ff-4ae3-a30a-eb528fa6ef81"/>
      <link rel="successor-version" href="#1a7fe4f1-6477-4814-9713-ba33aebf3789"/>
      <role id="prepared-by">
         <title>Document creator</title>
      </role>
      <party type="organization" uuid="ae0012b5-2a98-4610-ba74-08928451a4c0">
         <name>Australian Cyber Security Centre</name>
         <short-name>ACSC</short-name>
         <link href="https://www.cyber.gov.au" rel="homepage"/>
         <email-address>asd.assist@defence.gov.au</email-address>
         <address type="work">
            <addr-line>Australian Cyber Security Centre</addr-line>
            <addr-line>General enquiries</addr-line>
            <addr-line>PO Box 5076</addr-line>
            <city>Kingston</city>
            <state>ACT</state>
            <postal-code>2604</postal-code>
            <country>AU</country>
         </address>
      </party>
      <responsible-party role-id="prepared-by">
         <party-uuid>ae0012b5-2a98-4610-ba74-08928451a4c0</party-uuid>
      </responsible-party>
   </metadata>
   <import href="#abea4b79-3bd3-4f68-a333-85cbebb5100d">
      <include-controls>
         <with-id>ism-0123</with-id>
         <with-id>ism-0140</with-id>
         <with-id>ism-1819</with-id>
         <with-id>ism-1507</with-id>
         <with-id>ism-1175</with-id>
         <with-id>ism-1883</with-id>
         <with-id>ism-0445</with-id>
         <with-id>ism-1509</with-id>
         <with-id>ism-1650</with-id>
         <with-id>ism-1648</with-id>
         <with-id>ism-1647</with-id>
         <with-id>ism-1654</with-id>
         <with-id>ism-0843</with-id>
         <with-id>ism-1490</with-id>
         <with-id>ism-1870</with-id>
         <with-id>ism-1871</with-id>
         <with-id>ism-1657</with-id>
         <with-id>ism-1544</with-id>
         <with-id>ism-1582</with-id>
         <with-id>ism-1660</with-id>
         <with-id>ism-1889</with-id>
         <with-id>ism-1623</with-id>
         <with-id>ism-1667</with-id>
         <with-id>ism-1668</with-id>
         <with-id>ism-1669</with-id>
         <with-id>ism-1542</with-id>
         <with-id>ism-1859</with-id>
         <with-id>ism-1823</with-id>
         <with-id>ism-1486</with-id>
         <with-id>ism-1485</with-id>
         <with-id>ism-1412</with-id>
         <with-id>ism-1585</with-id>
         <with-id>ism-1670</with-id>
         <with-id>ism-1860</with-id>
         <with-id>ism-1824</with-id>
         <with-id>ism-1671</with-id>
         <with-id>ism-1488</with-id>
         <with-id>ism-1672</with-id>
         <with-id>ism-1673</with-id>
         <with-id>ism-1489</with-id>
         <with-id>ism-1504</with-id>
         <with-id>ism-1679</with-id>
         <with-id>ism-1680</with-id>
         <with-id>ism-1892</with-id>
         <with-id>ism-1893</with-id>
         <with-id>ism-1681</with-id>
         <with-id>ism-1173</with-id>
         <with-id>ism-0974</with-id>
         <with-id>ism-1401</with-id>
         <with-id>ism-1872</with-id>
         <with-id>ism-1873</with-id>
         <with-id>ism-1682</with-id>
         <with-id>ism-1683</with-id>
         <with-id>ism-1685</with-id>
         <with-id>ism-1380</with-id>
         <with-id>ism-1687</with-id>
         <with-id>ism-1688</with-id>
         <with-id>ism-1689</with-id>
         <with-id>ism-1387</with-id>
         <with-id>ism-1807</with-id>
         <with-id>ism-1808</with-id>
         <with-id>ism-1698</with-id>
         <with-id>ism-1699</with-id>
         <with-id>ism-1700</with-id>
         <with-id>ism-1701</with-id>
         <with-id>ism-1702</with-id>
         <with-id>ism-1876</with-id>
         <with-id>ism-1690</with-id>
         <with-id>ism-1691</with-id>
         <with-id>ism-1693</with-id>
         <with-id>ism-1877</with-id>
         <with-id>ism-1694</with-id>
         <with-id>ism-1695</with-id>
         <with-id>ism-1905</with-id>
         <with-id>ism-1704</with-id>
         <with-id>ism-1501</with-id>
         <with-id>ism-1511</with-id>
         <with-id>ism-1810</with-id>
         <with-id>ism-1811</with-id>
         <with-id>ism-1812</with-id>
         <with-id>ism-1705</with-id>
         <with-id>ism-1814</with-id>
         <with-id>ism-1707</with-id>
         <with-id>ism-1515</with-id>
         <with-id>ism-1815</with-id>
         <with-id>ism-1906</with-id>
         <with-id>ism-1228</with-id>
      </include-controls>
   </import>
   <merge>
      <as-is>true</as-is>
   </merge>
   <back-matter>
      <resource uuid="abea4b79-3bd3-4f68-a333-85cbebb5100d">
         <title>Information Security Manual</title>
         <rlink media-type="application/xml"
                href="https://www.cyber.gov.au/ism/oscal/v2024.03.5/artifacts/ISM_catalog.xml"/>
         <rlink media-type="application/json"
                href="https://www.cyber.gov.au/ism/oscal/v2024.03.5/artifacts/ISM_catalog.json"/>
         <rlink media-type="application/oscal+yaml"
                href="https://www.cyber.gov.au/ism/oscal/v2024.03.5/artifacts/ISM_catalog.yaml"/>
      </resource>
      <resource uuid="3f19a985-786f-437c-8f65-6336aa50e2d7">
         <title>Information Security Manual Essential Eight Maturity Level Two Baseline</title>
         <rlink media-type="application/xml"
                href="https://www.cyber.gov.au/ism/oscal/v2024.03.5/artifacts/ISM_E8_ML2-baseline_profile.xml"/>
         <rlink media-type="application/json"
                href="https://www.cyber.gov.au/ism/oscal/v2024.03.5/artifacts/ISM_E8_ML2-baseline_profile.json"/>
         <rlink media-type="application/oscal+yaml"
                href="https://www.cyber.gov.au/ism/oscal/v2024.03.5/artifacts/ISM_E8_ML2-baseline_profile.yaml"/>
      </resource>
      <resource uuid="3c15e69f-263b-4827-be41-28a87e2b314e">
         <title>Information Security Manual Essential Eight Maturity Level Two Baseline - latest version</title>
         <rlink media-type="application/xml"
                href="https://www.cyber.gov.au/ism/oscal/latest-version/artifacts/ISM_E8_ML2-baseline_profile.xml"/>
         <rlink media-type="application/json"
                href="https://www.cyber.gov.au/ism/oscal/latest-version/artifacts/ISM_E8_ML2-baseline_profile.json"/>
         <rlink media-type="application/oscal+yaml"
                href="https://www.cyber.gov.au/ism/oscal/latest-version/artifacts/ISM_E8_ML2-baseline_profile.yaml"/>
      </resource>
      <resource uuid="6587a556-43ff-4ae3-a30a-eb528fa6ef81">
         <title>Information Security Manual Essential Eight Maturity Level Two Baseline - predecessor version</title>
         <rlink media-type="application/xml"
                href="https://www.cyber.gov.au/ism/oscal/v2024.03.5/predecessor-version/artifacts/ISM_E8_ML2-baseline_profile.xml"/>
         <rlink media-type="application/json"
                href="https://www.cyber.gov.au/ism/oscal/v2024.03.5/predecessor-version/artifacts/ISM_E8_ML2-baseline_profile.json"/>
         <rlink media-type="application/oscal+yaml"
                href="https://www.cyber.gov.au/ism/oscal/v2024.03.5/predecessor-version/artifacts/ISM_E8_ML2-baseline_profile.yaml"/>
      </resource>
      <resource uuid="1a7fe4f1-6477-4814-9713-ba33aebf3789">
         <title>Information Security Manual Essential Eight Maturity Level Two Baseline - successor version</title>
         <rlink media-type="application/xml"
                href="https://www.cyber.gov.au/ism/oscal/v2024.03.5/successor-version/artifacts/ISM_E8_ML2-baseline_profile.xml"/>
         <rlink media-type="application/json"
                href="https://www.cyber.gov.au/ism/oscal/v2024.03.5/successor-version/artifacts/ISM_E8_ML2-baseline_profile.json"/>
         <rlink media-type="application/oscal+yaml"
                href="https://www.cyber.gov.au/ism/oscal/v2024.03.5/successor-version/artifacts/ISM_E8_ML2-baseline_profile.yaml"/>
      </resource>
   </back-matter>
</profile>
