<?xml version="1.0" encoding="UTF-8"?>
<profile xmlns="http://csrc.nist.gov/ns/oscal/1.0"
         uuid="2d849506-2baf-4d5f-83c8-14ff5198efee">
   <metadata>
      <title>Information Security Manual Essential Eight Maturity Level One Baseline</title>
      <published>2024-03-05T01:59:03.682064Z</published>
      <last-modified>2024-03-05T01:59:03.682064Z</last-modified>
      <version>2024.03.5</version>
      <oscal-version>1.1.0</oscal-version>
      <link rel="canonical" href="#86a2b82e-07ca-4cc2-a196-c1c18936311a"/>
      <link rel="latest-version" href="#14edced5-3501-4be5-8ddf-77fc57c88f8d"/>
      <link rel="predecessor-version" href="#be1da205-b3e0-4948-823b-9c5a4b8827cb"/>
      <link rel="successor-version" href="#863bf7f4-95a3-44bf-a471-703e0a081874"/>
      <role id="prepared-by">
         <title>Document creator</title>
      </role>
      <party type="organization" uuid="ae0012b5-2a98-4610-ba74-08928451a4c0">
         <name>Australian Cyber Security Centre</name>
         <short-name>ACSC</short-name>
         <link href="https://www.cyber.gov.au" rel="homepage"/>
         <email-address>asd.assist@defence.gov.au</email-address>
         <address type="work">
            <addr-line>Australian Cyber Security Centre</addr-line>
            <addr-line>General enquiries</addr-line>
            <addr-line>PO Box 5076</addr-line>
            <city>Kingston</city>
            <state>ACT</state>
            <postal-code>2604</postal-code>
            <country>AU</country>
         </address>
      </party>
      <responsible-party role-id="prepared-by">
         <party-uuid>ae0012b5-2a98-4610-ba74-08928451a4c0</party-uuid>
      </responsible-party>
   </metadata>
   <import href="#abea4b79-3bd3-4f68-a333-85cbebb5100d">
      <include-controls>
         <with-id>ism-1507</with-id>
         <with-id>ism-1175</with-id>
         <with-id>ism-1883</with-id>
         <with-id>ism-0445</with-id>
         <with-id>ism-1654</with-id>
         <with-id>ism-0843</with-id>
         <with-id>ism-1870</with-id>
         <with-id>ism-1657</with-id>
         <with-id>ism-1486</with-id>
         <with-id>ism-1485</with-id>
         <with-id>ism-1585</with-id>
         <with-id>ism-1671</with-id>
         <with-id>ism-1488</with-id>
         <with-id>ism-1672</with-id>
         <with-id>ism-1489</with-id>
         <with-id>ism-1504</with-id>
         <with-id>ism-1679</with-id>
         <with-id>ism-1680</with-id>
         <with-id>ism-1892</with-id>
         <with-id>ism-1893</with-id>
         <with-id>ism-1681</with-id>
         <with-id>ism-1401</with-id>
         <with-id>ism-1380</with-id>
         <with-id>ism-1688</with-id>
         <with-id>ism-1689</with-id>
         <with-id>ism-1807</with-id>
         <with-id>ism-1808</with-id>
         <with-id>ism-1698</with-id>
         <with-id>ism-1699</with-id>
         <with-id>ism-1701</with-id>
         <with-id>ism-1702</with-id>
         <with-id>ism-1876</with-id>
         <with-id>ism-1690</with-id>
         <with-id>ism-1691</with-id>
         <with-id>ism-1877</with-id>
         <with-id>ism-1694</with-id>
         <with-id>ism-1695</with-id>
         <with-id>ism-1905</with-id>
         <with-id>ism-1704</with-id>
         <with-id>ism-1501</with-id>
         <with-id>ism-1511</with-id>
         <with-id>ism-1810</with-id>
         <with-id>ism-1811</with-id>
         <with-id>ism-1812</with-id>
         <with-id>ism-1814</with-id>
         <with-id>ism-1515</with-id>
      </include-controls>
   </import>
   <merge>
      <as-is>true</as-is>
   </merge>
   <back-matter>
      <resource uuid="abea4b79-3bd3-4f68-a333-85cbebb5100d">
         <title>Information Security Manual</title>
         <rlink media-type="application/xml"
                href="https://www.cyber.gov.au/ism/oscal/v2024.03.5/artifacts/ISM_catalog.xml"/>
         <rlink media-type="application/json"
                href="https://www.cyber.gov.au/ism/oscal/v2024.03.5/artifacts/ISM_catalog.json"/>
         <rlink media-type="application/oscal+yaml"
                href="https://www.cyber.gov.au/ism/oscal/v2024.03.5/artifacts/ISM_catalog.yaml"/>
      </resource>
      <resource uuid="86a2b82e-07ca-4cc2-a196-c1c18936311a">
         <title>Information Security Manual Essential Eight Maturity Level One Baseline</title>
         <rlink media-type="application/xml"
                href="https://www.cyber.gov.au/ism/oscal/v2024.03.5/artifacts/ISM_E8_ML1-baseline_profile.xml"/>
         <rlink media-type="application/json"
                href="https://www.cyber.gov.au/ism/oscal/v2024.03.5/artifacts/ISM_E8_ML1-baseline_profile.json"/>
         <rlink media-type="application/oscal+yaml"
                href="https://www.cyber.gov.au/ism/oscal/v2024.03.5/artifacts/ISM_E8_ML1-baseline_profile.yaml"/>
      </resource>
      <resource uuid="14edced5-3501-4be5-8ddf-77fc57c88f8d">
         <title>Information Security Manual Essential Eight Maturity Level One Baseline - latest version</title>
         <rlink media-type="application/xml"
                href="https://www.cyber.gov.au/ism/oscal/latest-version/artifacts/ISM_E8_ML1-baseline_profile.xml"/>
         <rlink media-type="application/json"
                href="https://www.cyber.gov.au/ism/oscal/latest-version/artifacts/ISM_E8_ML1-baseline_profile.json"/>
         <rlink media-type="application/oscal+yaml"
                href="https://www.cyber.gov.au/ism/oscal/latest-version/artifacts/ISM_E8_ML1-baseline_profile.yaml"/>
      </resource>
      <resource uuid="be1da205-b3e0-4948-823b-9c5a4b8827cb">
         <title>Information Security Manual Essential Eight Maturity Level One Baseline - predecessor version</title>
         <rlink media-type="application/xml"
                href="https://www.cyber.gov.au/ism/oscal/v2024.03.5/predecessor-version/artifacts/ISM_E8_ML1-baseline_profile.xml"/>
         <rlink media-type="application/json"
                href="https://www.cyber.gov.au/ism/oscal/v2024.03.5/predecessor-version/artifacts/ISM_E8_ML1-baseline_profile.json"/>
         <rlink media-type="application/oscal+yaml"
                href="https://www.cyber.gov.au/ism/oscal/v2024.03.5/predecessor-version/artifacts/ISM_E8_ML1-baseline_profile.yaml"/>
      </resource>
      <resource uuid="863bf7f4-95a3-44bf-a471-703e0a081874">
         <title>Information Security Manual Essential Eight Maturity Level One Baseline - successor version</title>
         <rlink media-type="application/xml"
                href="https://www.cyber.gov.au/ism/oscal/v2024.03.5/successor-version/artifacts/ISM_E8_ML1-baseline_profile.xml"/>
         <rlink media-type="application/json"
                href="https://www.cyber.gov.au/ism/oscal/v2024.03.5/successor-version/artifacts/ISM_E8_ML1-baseline_profile.json"/>
         <rlink media-type="application/oscal+yaml"
                href="https://www.cyber.gov.au/ism/oscal/v2024.03.5/successor-version/artifacts/ISM_E8_ML1-baseline_profile.yaml"/>
      </resource>
   </back-matter>
</profile>
