<?xml version="1.0" encoding="UTF-8"?>
<profile xmlns="http://csrc.nist.gov/ns/oscal/1.0"
         uuid="619c9583-ce5c-49a0-b70c-10f4a68337a4">
   <metadata>
      <title>Information Security Manual Essential Eight Maturity Level Three Baseline</title>
      <published>2024-03-05T01:59:03.682064Z</published>
      <last-modified>2024-03-05T01:59:03.682064Z</last-modified>
      <version>2024.03.5</version>
      <oscal-version>1.1.0</oscal-version>
      <link rel="canonical" href="#16df189f-8af5-4562-b918-f3055f92a7b9"/>
      <link rel="latest-version" href="#c18c752c-6efd-4b9f-b7e8-b5f153d52933"/>
      <link rel="predecessor-version" href="#2b9d0693-4235-4d95-b92b-475b40a70599"/>
      <link rel="successor-version" href="#af35761c-c466-4e0a-840c-40ba07a147dd"/>
      <role id="prepared-by">
         <title>Document creator</title>
      </role>
      <party type="organization" uuid="ae0012b5-2a98-4610-ba74-08928451a4c0">
         <name>Australian Cyber Security Centre</name>
         <short-name>ACSC</short-name>
         <link href="https://www.cyber.gov.au" rel="homepage"/>
         <email-address>asd.assist@defence.gov.au</email-address>
         <address type="work">
            <addr-line>Australian Cyber Security Centre</addr-line>
            <addr-line>General enquiries</addr-line>
            <addr-line>PO Box 5076</addr-line>
            <city>Kingston</city>
            <state>ACT</state>
            <postal-code>2604</postal-code>
            <country>AU</country>
         </address>
      </party>
      <responsible-party role-id="prepared-by">
         <party-uuid>ae0012b5-2a98-4610-ba74-08928451a4c0</party-uuid>
      </responsible-party>
   </metadata>
   <import href="#abea4b79-3bd3-4f68-a333-85cbebb5100d">
      <include-controls>
         <with-id>ism-0123</with-id>
         <with-id>ism-0140</with-id>
         <with-id>ism-1819</with-id>
         <with-id>ism-1507</with-id>
         <with-id>ism-1508</with-id>
         <with-id>ism-1175</with-id>
         <with-id>ism-1883</with-id>
         <with-id>ism-1649</with-id>
         <with-id>ism-0445</with-id>
         <with-id>ism-1509</with-id>
         <with-id>ism-1650</with-id>
         <with-id>ism-1648</with-id>
         <with-id>ism-1647</with-id>
         <with-id>ism-1407</with-id>
         <with-id>ism-1654</with-id>
         <with-id>ism-1655</with-id>
         <with-id>ism-0843</with-id>
         <with-id>ism-1490</with-id>
         <with-id>ism-1656</with-id>
         <with-id>ism-1870</with-id>
         <with-id>ism-1871</with-id>
         <with-id>ism-1657</with-id>
         <with-id>ism-1658</with-id>
         <with-id>ism-1544</with-id>
         <with-id>ism-1659</with-id>
         <with-id>ism-1582</with-id>
         <with-id>ism-1660</with-id>
         <with-id>ism-1889</with-id>
         <with-id>ism-1621</with-id>
         <with-id>ism-1622</with-id>
         <with-id>ism-1623</with-id>
         <with-id>ism-1667</with-id>
         <with-id>ism-1668</with-id>
         <with-id>ism-1669</with-id>
         <with-id>ism-1542</with-id>
         <with-id>ism-1859</with-id>
         <with-id>ism-1823</with-id>
         <with-id>ism-1486</with-id>
         <with-id>ism-1485</with-id>
         <with-id>ism-1412</with-id>
         <with-id>ism-1585</with-id>
         <with-id>ism-1670</with-id>
         <with-id>ism-1860</with-id>
         <with-id>ism-1824</with-id>
         <with-id>ism-1671</with-id>
         <with-id>ism-1488</with-id>
         <with-id>ism-1672</with-id>
         <with-id>ism-1673</with-id>
         <with-id>ism-1674</with-id>
         <with-id>ism-1890</with-id>
         <with-id>ism-1487</with-id>
         <with-id>ism-1675</with-id>
         <with-id>ism-1891</with-id>
         <with-id>ism-1676</with-id>
         <with-id>ism-1489</with-id>
         <with-id>ism-1504</with-id>
         <with-id>ism-1679</with-id>
         <with-id>ism-1680</with-id>
         <with-id>ism-1892</with-id>
         <with-id>ism-1893</with-id>
         <with-id>ism-1681</with-id>
         <with-id>ism-1173</with-id>
         <with-id>ism-0974</with-id>
         <with-id>ism-1505</with-id>
         <with-id>ism-1401</with-id>
         <with-id>ism-1872</with-id>
         <with-id>ism-1874</with-id>
         <with-id>ism-1682</with-id>
         <with-id>ism-1894</with-id>
         <with-id>ism-1683</with-id>
         <with-id>ism-1685</with-id>
         <with-id>ism-1896</with-id>
         <with-id>ism-1861</with-id>
         <with-id>ism-1686</with-id>
         <with-id>ism-1897</with-id>
         <with-id>ism-1898</with-id>
         <with-id>ism-1380</with-id>
         <with-id>ism-1687</with-id>
         <with-id>ism-1688</with-id>
         <with-id>ism-1689</with-id>
         <with-id>ism-1387</with-id>
         <with-id>ism-1807</with-id>
         <with-id>ism-1808</with-id>
         <with-id>ism-1698</with-id>
         <with-id>ism-1699</with-id>
         <with-id>ism-1700</with-id>
         <with-id>ism-1701</with-id>
         <with-id>ism-1702</with-id>
         <with-id>ism-1703</with-id>
         <with-id>ism-1900</with-id>
         <with-id>ism-1876</with-id>
         <with-id>ism-1690</with-id>
         <with-id>ism-1692</with-id>
         <with-id>ism-1901</with-id>
         <with-id>ism-1693</with-id>
         <with-id>ism-1877</with-id>
         <with-id>ism-1694</with-id>
         <with-id>ism-1696</with-id>
         <with-id>ism-1902</with-id>
         <with-id>ism-1879</with-id>
         <with-id>ism-1697</with-id>
         <with-id>ism-1903</with-id>
         <with-id>ism-1904</with-id>
         <with-id>ism-1905</with-id>
         <with-id>ism-1704</with-id>
         <with-id>ism-0304</with-id>
         <with-id>ism-1501</with-id>
         <with-id>ism-1511</with-id>
         <with-id>ism-1810</with-id>
         <with-id>ism-1811</with-id>
         <with-id>ism-1812</with-id>
         <with-id>ism-1813</with-id>
         <with-id>ism-1705</with-id>
         <with-id>ism-1706</with-id>
         <with-id>ism-1814</with-id>
         <with-id>ism-1707</with-id>
         <with-id>ism-1708</with-id>
         <with-id>ism-1515</with-id>
         <with-id>ism-1815</with-id>
         <with-id>ism-1906</with-id>
         <with-id>ism-1907</with-id>
         <with-id>ism-0109</with-id>
         <with-id>ism-1228</with-id>
      </include-controls>
   </import>
   <merge>
      <as-is>true</as-is>
   </merge>
   <back-matter>
      <resource uuid="abea4b79-3bd3-4f68-a333-85cbebb5100d">
         <title>Information Security Manual</title>
         <rlink media-type="application/xml"
                href="https://www.cyber.gov.au/ism/oscal/v2024.03.5/artifacts/ISM_catalog.xml"/>
         <rlink media-type="application/json"
                href="https://www.cyber.gov.au/ism/oscal/v2024.03.5/artifacts/ISM_catalog.json"/>
         <rlink media-type="application/oscal+yaml"
                href="https://www.cyber.gov.au/ism/oscal/v2024.03.5/artifacts/ISM_catalog.yaml"/>
      </resource>
      <resource uuid="16df189f-8af5-4562-b918-f3055f92a7b9">
         <title>Information Security Manual Essential Eight Maturity Level Three Baseline</title>
         <rlink media-type="application/xml"
                href="https://www.cyber.gov.au/ism/oscal/v2024.03.5/artifacts/ISM_E8_ML3-baseline_profile.xml"/>
         <rlink media-type="application/json"
                href="https://www.cyber.gov.au/ism/oscal/v2024.03.5/artifacts/ISM_E8_ML3-baseline_profile.json"/>
         <rlink media-type="application/oscal+yaml"
                href="https://www.cyber.gov.au/ism/oscal/v2024.03.5/artifacts/ISM_E8_ML3-baseline_profile.yaml"/>
      </resource>
      <resource uuid="c18c752c-6efd-4b9f-b7e8-b5f153d52933">
         <title>Information Security Manual Essential Eight Maturity Level Three Baseline - latest version</title>
         <rlink media-type="application/xml"
                href="https://www.cyber.gov.au/ism/oscal/latest-version/artifacts/ISM_E8_ML3-baseline_profile.xml"/>
         <rlink media-type="application/json"
                href="https://www.cyber.gov.au/ism/oscal/latest-version/artifacts/ISM_E8_ML3-baseline_profile.json"/>
         <rlink media-type="application/oscal+yaml"
                href="https://www.cyber.gov.au/ism/oscal/latest-version/artifacts/ISM_E8_ML3-baseline_profile.yaml"/>
      </resource>
      <resource uuid="2b9d0693-4235-4d95-b92b-475b40a70599">
         <title>Information Security Manual Essential Eight Maturity Level Three Baseline - predecessor version</title>
         <rlink media-type="application/xml"
                href="https://www.cyber.gov.au/ism/oscal/v2024.03.5/predecessor-version/artifacts/ISM_E8_ML3-baseline_profile.xml"/>
         <rlink media-type="application/json"
                href="https://www.cyber.gov.au/ism/oscal/v2024.03.5/predecessor-version/artifacts/ISM_E8_ML3-baseline_profile.json"/>
         <rlink media-type="application/oscal+yaml"
                href="https://www.cyber.gov.au/ism/oscal/v2024.03.5/predecessor-version/artifacts/ISM_E8_ML3-baseline_profile.yaml"/>
      </resource>
      <resource uuid="af35761c-c466-4e0a-840c-40ba07a147dd">
         <title>Information Security Manual Essential Eight Maturity Level Three Baseline - successor version</title>
         <rlink media-type="application/xml"
                href="https://www.cyber.gov.au/ism/oscal/v2024.03.5/successor-version/artifacts/ISM_E8_ML3-baseline_profile.xml"/>
         <rlink media-type="application/json"
                href="https://www.cyber.gov.au/ism/oscal/v2024.03.5/successor-version/artifacts/ISM_E8_ML3-baseline_profile.json"/>
         <rlink media-type="application/oscal+yaml"
                href="https://www.cyber.gov.au/ism/oscal/v2024.03.5/successor-version/artifacts/ISM_E8_ML3-baseline_profile.yaml"/>
      </resource>
   </back-matter>
</profile>
