<?xml version="1.0" encoding="UTF-8"?>
<profile xmlns="http://csrc.nist.gov/ns/oscal/1.0"
         uuid="f11a1d4c-6b92-4c2a-877f-21a76c0ea68b">
   <metadata>
      <title>Information Security Manual OFFICIAL: Sensitive Baseline</title>
      <published>2024-09-26T09:03:08.944067Z</published>
      <last-modified>2024-09-26T09:03:08.944067Z</last-modified>
      <version>2024.09.26</version>
      <oscal-version>1.1.2</oscal-version>
      <link rel="canonical" href="#d906e45a-d402-4dc4-957d-7c815f22d2b8"/>
      <link rel="latest-version" href="#04e23f98-d357-470a-af00-6bd841c9a23d"/>
      <link rel="predecessor-version" href="#eaa8cc4e-4af4-461b-8d1c-2a88844ac66c"/>
      <link rel="successor-version" href="#3e1cdff8-dd29-437e-bad1-8e0f88edea58"/>
      <role id="prepared-by">
         <title>Document creator</title>
      </role>
      <party type="organization" uuid="ae0012b5-2a98-4610-ba74-08928451a4c0">
         <name>Australian Cyber Security Centre</name>
         <short-name>ACSC</short-name>
         <link href="https://www.cyber.gov.au" rel="homepage"/>
         <email-address>asd.assist@defence.gov.au</email-address>
         <address type="work">
            <addr-line>Australian Cyber Security Centre</addr-line>
            <addr-line>General enquiries</addr-line>
            <addr-line>PO Box 5076</addr-line>
            <city>Kingston</city>
            <state>ACT</state>
            <postal-code>2604</postal-code>
            <country>AU</country>
         </address>
      </party>
      <responsible-party role-id="prepared-by">
         <party-uuid>ae0012b5-2a98-4610-ba74-08928451a4c0</party-uuid>
      </responsible-party>
   </metadata>
   <import href="#abea4b79-3bd3-4f68-a333-85cbebb5100d">
      <include-controls>
         <with-id>ism-principle-govern-1</with-id>
         <with-id>ism-principle-govern-2</with-id>
         <with-id>ism-principle-govern-3</with-id>
         <with-id>ism-principle-identify-1</with-id>
         <with-id>ism-principle-identify-2</with-id>
         <with-id>ism-principle-identify-3</with-id>
         <with-id>ism-principle-protect-1</with-id>
         <with-id>ism-principle-protect-2</with-id>
         <with-id>ism-principle-protect-3</with-id>
         <with-id>ism-principle-protect-4</with-id>
         <with-id>ism-principle-protect-5</with-id>
         <with-id>ism-principle-protect-6</with-id>
         <with-id>ism-principle-protect-7</with-id>
         <with-id>ism-principle-protect-8</with-id>
         <with-id>ism-principle-protect-9</with-id>
         <with-id>ism-principle-protect-10</with-id>
         <with-id>ism-principle-protect-11</with-id>
         <with-id>ism-principle-protect-12</with-id>
         <with-id>ism-principle-protect-13</with-id>
         <with-id>ism-principle-protect-14</with-id>
         <with-id>ism-principle-detect-1</with-id>
         <with-id>ism-principle-detect-2</with-id>
         <with-id>ism-principle-respond-1</with-id>
         <with-id>ism-principle-respond-2</with-id>
         <with-id>ism-principle-respond-3</with-id>
         <with-id>ism-0714</with-id>
         <with-id>ism-1478</with-id>
         <with-id>ism-1617</with-id>
         <with-id>ism-0724</with-id>
         <with-id>ism-0725</with-id>
         <with-id>ism-0726</with-id>
         <with-id>ism-0718</with-id>
         <with-id>ism-1918</with-id>
         <with-id>ism-0733</with-id>
         <with-id>ism-1618</with-id>
         <with-id>ism-0734</with-id>
         <with-id>ism-0720</with-id>
         <with-id>ism-0731</with-id>
         <with-id>ism-0732</with-id>
         <with-id>ism-0717</with-id>
         <with-id>ism-0735</with-id>
         <with-id>ism-1071</with-id>
         <with-id>ism-1525</with-id>
         <with-id>ism-1633</with-id>
         <with-id>ism-1634</with-id>
         <with-id>ism-1635</with-id>
         <with-id>ism-1636</with-id>
         <with-id>ism-0027</with-id>
         <with-id>ism-1526</with-id>
         <with-id>ism-1587</with-id>
         <with-id>ism-0576</with-id>
         <with-id>ism-1784</with-id>
         <with-id>ism-0125</with-id>
         <with-id>ism-1803</with-id>
         <with-id>ism-1625</with-id>
         <with-id>ism-1626</with-id>
         <with-id>ism-0120</with-id>
         <with-id>ism-0123</with-id>
         <with-id>ism-0140</with-id>
         <with-id>ism-1880</with-id>
         <with-id>ism-1881</with-id>
         <with-id>ism-1819</with-id>
         <with-id>ism-0133</with-id>
         <with-id>ism-0917</with-id>
         <with-id>ism-0137</with-id>
         <with-id>ism-1609</with-id>
         <with-id>ism-1731</with-id>
         <with-id>ism-1732</with-id>
         <with-id>ism-1213</with-id>
         <with-id>ism-0138</with-id>
         <with-id>ism-1631</with-id>
         <with-id>ism-1452</with-id>
         <with-id>ism-1567</with-id>
         <with-id>ism-1568</with-id>
         <with-id>ism-1882</with-id>
         <with-id>ism-1632</with-id>
         <with-id>ism-1569</with-id>
         <with-id>ism-1785</with-id>
         <with-id>ism-1786</with-id>
         <with-id>ism-1787</with-id>
         <with-id>ism-1788</with-id>
         <with-id>ism-1789</with-id>
         <with-id>ism-1790</with-id>
         <with-id>ism-1791</with-id>
         <with-id>ism-1792</with-id>
         <with-id>ism-1736</with-id>
         <with-id>ism-1737</with-id>
         <with-id>ism-1793</with-id>
         <with-id>ism-1637</with-id>
         <with-id>ism-1638</with-id>
         <with-id>ism-1570</with-id>
         <with-id>ism-1395</with-id>
         <with-id>ism-0072</with-id>
         <with-id>ism-1571</with-id>
         <with-id>ism-1738</with-id>
         <with-id>ism-1804</with-id>
         <with-id>ism-0141</with-id>
         <with-id>ism-1794</with-id>
         <with-id>ism-1451</with-id>
         <with-id>ism-1572</with-id>
         <with-id>ism-1573</with-id>
         <with-id>ism-1574</with-id>
         <with-id>ism-1575</with-id>
         <with-id>ism-1073</with-id>
         <with-id>ism-1576</with-id>
         <with-id>ism-0039</with-id>
         <with-id>ism-0047</with-id>
         <with-id>ism-1739</with-id>
         <with-id>ism-0888</with-id>
         <with-id>ism-1602</with-id>
         <with-id>ism-0041</with-id>
         <with-id>ism-0043</with-id>
         <with-id>ism-1163</with-id>
         <with-id>ism-1563</with-id>
         <with-id>ism-1564</with-id>
         <with-id>ism-0810</with-id>
         <with-id>ism-1053</with-id>
         <with-id>ism-1530</with-id>
         <with-id>ism-0813</with-id>
         <with-id>ism-1074</with-id>
         <with-id>ism-1296</with-id>
         <with-id>ism-0164</with-id>
         <with-id>ism-0161</with-id>
         <with-id>ism-0252</with-id>
         <with-id>ism-1565</with-id>
         <with-id>ism-1740</with-id>
         <with-id>ism-0817</with-id>
         <with-id>ism-0820</with-id>
         <with-id>ism-1146</with-id>
         <with-id>ism-0821</with-id>
         <with-id>ism-0824</with-id>
         <with-id>ism-1864</with-id>
         <with-id>ism-0432</with-id>
         <with-id>ism-0434</with-id>
         <with-id>ism-0435</with-id>
         <with-id>ism-1865</with-id>
         <with-id>ism-0414</with-id>
         <with-id>ism-0415</with-id>
         <with-id>ism-1583</with-id>
         <with-id>ism-0405</with-id>
         <with-id>ism-1852</with-id>
         <with-id>ism-1566</with-id>
         <with-id>ism-1507</with-id>
         <with-id>ism-1508</with-id>
         <with-id>ism-1175</with-id>
         <with-id>ism-1883</with-id>
         <with-id>ism-1649</with-id>
         <with-id>ism-0445</with-id>
         <with-id>ism-1263</with-id>
         <with-id>ism-1509</with-id>
         <with-id>ism-1650</with-id>
         <with-id>ism-0430</with-id>
         <with-id>ism-1591</with-id>
         <with-id>ism-1404</with-id>
         <with-id>ism-1648</with-id>
         <with-id>ism-1716</with-id>
         <with-id>ism-1647</with-id>
         <with-id>ism-0407</with-id>
         <with-id>ism-0441</with-id>
         <with-id>ism-1610</with-id>
         <with-id>ism-1611</with-id>
         <with-id>ism-1612</with-id>
         <with-id>ism-1614</with-id>
         <with-id>ism-1615</with-id>
         <with-id>ism-1613</with-id>
         <with-id>ism-0181</with-id>
         <with-id>ism-1111</with-id>
         <with-id>ism-0211</with-id>
         <with-id>ism-0208</with-id>
         <with-id>ism-1645</with-id>
         <with-id>ism-1646</with-id>
         <with-id>ism-0206</with-id>
         <with-id>ism-1096</with-id>
         <with-id>ism-1639</with-id>
         <with-id>ism-1640</with-id>
         <with-id>ism-1820</with-id>
         <with-id>ism-0926</with-id>
         <with-id>ism-1112</with-id>
         <with-id>ism-1119</with-id>
         <with-id>ism-1114</with-id>
         <with-id>ism-1130</with-id>
         <with-id>ism-1164</with-id>
         <with-id>ism-1115</with-id>
         <with-id>ism-1095</with-id>
         <with-id>ism-1822</with-id>
         <with-id>ism-1107</with-id>
         <with-id>ism-1109</with-id>
         <with-id>ism-1102</with-id>
         <with-id>ism-1101</with-id>
         <with-id>ism-1103</with-id>
         <with-id>ism-0250</with-id>
         <with-id>ism-1884</with-id>
         <with-id>ism-0248</with-id>
         <with-id>ism-0246</with-id>
         <with-id>ism-1885</with-id>
         <with-id>ism-1078</with-id>
         <with-id>ism-0229</with-id>
         <with-id>ism-0230</with-id>
         <with-id>ism-0231</with-id>
         <with-id>ism-0232</with-id>
         <with-id>ism-0233</with-id>
         <with-id>ism-0235</with-id>
         <with-id>ism-0236</with-id>
         <with-id>ism-0931</with-id>
         <with-id>ism-1562</with-id>
         <with-id>ism-0546</with-id>
         <with-id>ism-0548</with-id>
         <with-id>ism-0547</with-id>
         <with-id>ism-0554</with-id>
         <with-id>ism-0553</with-id>
         <with-id>ism-0555</with-id>
         <with-id>ism-0551</with-id>
         <with-id>ism-0549</with-id>
         <with-id>ism-0556</with-id>
         <with-id>ism-0558</with-id>
         <with-id>ism-0559</with-id>
         <with-id>ism-1450</with-id>
         <with-id>ism-1019</with-id>
         <with-id>ism-1805</with-id>
         <with-id>ism-0588</with-id>
         <with-id>ism-1092</with-id>
         <with-id>ism-0241</with-id>
         <with-id>ism-1075</with-id>
         <with-id>ism-0245</with-id>
         <with-id>ism-1854</with-id>
         <with-id>ism-0590</with-id>
         <with-id>ism-0589</with-id>
         <with-id>ism-1855</with-id>
         <with-id>ism-1036</with-id>
         <with-id>ism-1297</with-id>
         <with-id>ism-1400</with-id>
         <with-id>ism-1866</with-id>
         <with-id>ism-1482</with-id>
         <with-id>ism-0874</with-id>
         <with-id>ism-0705</with-id>
         <with-id>ism-1533</with-id>
         <with-id>ism-1195</with-id>
         <with-id>ism-1867</with-id>
         <with-id>ism-0869</with-id>
         <with-id>ism-1085</with-id>
         <with-id>ism-1886</with-id>
         <with-id>ism-1887</with-id>
         <with-id>ism-1888</with-id>
         <with-id>ism-0863</with-id>
         <with-id>ism-0864</with-id>
         <with-id>ism-1366</with-id>
         <with-id>ism-1082</with-id>
         <with-id>ism-1083</with-id>
         <with-id>ism-1299</with-id>
         <with-id>ism-0240</with-id>
         <with-id>ism-1196</with-id>
         <with-id>ism-1200</with-id>
         <with-id>ism-1198</with-id>
         <with-id>ism-1199</with-id>
         <with-id>ism-0866</with-id>
         <with-id>ism-1644</with-id>
         <with-id>ism-0871</with-id>
         <with-id>ism-0870</with-id>
         <with-id>ism-1084</with-id>
         <with-id>ism-0701</with-id>
         <with-id>ism-1298</with-id>
         <with-id>ism-1554</with-id>
         <with-id>ism-1555</with-id>
         <with-id>ism-1088</with-id>
         <with-id>ism-1300</with-id>
         <with-id>ism-1556</with-id>
         <with-id>ism-0280</with-id>
         <with-id>ism-0285</with-id>
         <with-id>ism-0289</with-id>
         <with-id>ism-1551</with-id>
         <with-id>ism-1857</with-id>
         <with-id>ism-1913</with-id>
         <with-id>ism-1858</with-id>
         <with-id>ism-0336</with-id>
         <with-id>ism-1869</with-id>
         <with-id>ism-0294</with-id>
         <with-id>ism-0293</with-id>
         <with-id>ism-1599</with-id>
         <with-id>ism-0305</with-id>
         <with-id>ism-0307</with-id>
         <with-id>ism-0306</with-id>
         <with-id>ism-0310</with-id>
         <with-id>ism-1598</with-id>
         <with-id>ism-0313</with-id>
         <with-id>ism-1741</with-id>
         <with-id>ism-0311</with-id>
         <with-id>ism-1742</with-id>
         <with-id>ism-0317</with-id>
         <with-id>ism-1219</with-id>
         <with-id>ism-1220</with-id>
         <with-id>ism-1221</with-id>
         <with-id>ism-0318</with-id>
         <with-id>ism-1534</with-id>
         <with-id>ism-1076</with-id>
         <with-id>ism-1222</with-id>
         <with-id>ism-1223</with-id>
         <with-id>ism-1225</with-id>
         <with-id>ism-1226</with-id>
         <with-id>ism-1550</with-id>
         <with-id>ism-1217</with-id>
         <with-id>ism-0316</with-id>
         <with-id>ism-1549</with-id>
         <with-id>ism-1359</with-id>
         <with-id>ism-1713</with-id>
         <with-id>ism-0332</with-id>
         <with-id>ism-0323</with-id>
         <with-id>ism-0337</with-id>
         <with-id>ism-0325</with-id>
         <with-id>ism-0330</with-id>
         <with-id>ism-0831</with-id>
         <with-id>ism-1059</with-id>
         <with-id>ism-1600</with-id>
         <with-id>ism-1642</with-id>
         <with-id>ism-0347</with-id>
         <with-id>ism-0947</with-id>
         <with-id>ism-0348</with-id>
         <with-id>ism-0351</with-id>
         <with-id>ism-0354</with-id>
         <with-id>ism-1065</with-id>
         <with-id>ism-1067</with-id>
         <with-id>ism-0357</with-id>
         <with-id>ism-0836</with-id>
         <with-id>ism-0359</with-id>
         <with-id>ism-1735</with-id>
         <with-id>ism-0363</with-id>
         <with-id>ism-0350</with-id>
         <with-id>ism-1361</with-id>
         <with-id>ism-1160</with-id>
         <with-id>ism-1517</with-id>
         <with-id>ism-1722</with-id>
         <with-id>ism-1723</with-id>
         <with-id>ism-1724</with-id>
         <with-id>ism-1725</with-id>
         <with-id>ism-1726</with-id>
         <with-id>ism-1727</with-id>
         <with-id>ism-0368</with-id>
         <with-id>ism-0361</with-id>
         <with-id>ism-0362</with-id>
         <with-id>ism-1641</with-id>
         <with-id>ism-0370</with-id>
         <with-id>ism-0371</with-id>
         <with-id>ism-0372</with-id>
         <with-id>ism-0373</with-id>
         <with-id>ism-0839</with-id>
         <with-id>ism-0840</with-id>
         <with-id>ism-0374</with-id>
         <with-id>ism-0378</with-id>
         <with-id>ism-0375</with-id>
         <with-id>ism-1743</with-id>
         <with-id>ism-1407</with-id>
         <with-id>ism-1408</with-id>
         <with-id>ism-1406</with-id>
         <with-id>ism-1608</with-id>
         <with-id>ism-1588</with-id>
         <with-id>ism-1914</with-id>
         <with-id>ism-1409</with-id>
         <with-id>ism-0380</with-id>
         <with-id>ism-0383</with-id>
         <with-id>ism-0341</with-id>
         <with-id>ism-1654</with-id>
         <with-id>ism-1655</with-id>
         <with-id>ism-1492</with-id>
         <with-id>ism-1745</with-id>
         <with-id>ism-1584</with-id>
         <with-id>ism-1491</with-id>
         <with-id>ism-1592</with-id>
         <with-id>ism-0382</with-id>
         <with-id>ism-0843</with-id>
         <with-id>ism-1490</with-id>
         <with-id>ism-1656</with-id>
         <with-id>ism-1870</with-id>
         <with-id>ism-1871</with-id>
         <with-id>ism-1657</with-id>
         <with-id>ism-1658</with-id>
         <with-id>ism-0955</with-id>
         <with-id>ism-1471</with-id>
         <with-id>ism-1392</with-id>
         <with-id>ism-1746</with-id>
         <with-id>ism-1544</with-id>
         <with-id>ism-1659</with-id>
         <with-id>ism-1582</with-id>
         <with-id>ism-0846</with-id>
         <with-id>ism-1660</with-id>
         <with-id>ism-1889</with-id>
         <with-id>ism-1621</with-id>
         <with-id>ism-1622</with-id>
         <with-id>ism-1623</with-id>
         <with-id>ism-1624</with-id>
         <with-id>ism-1341</with-id>
         <with-id>ism-1034</with-id>
         <with-id>ism-1416</with-id>
         <with-id>ism-1417</with-id>
         <with-id>ism-1418</with-id>
         <with-id>ism-0343</with-id>
         <with-id>ism-0345</with-id>
         <with-id>ism-0582</with-id>
         <with-id>ism-0938</with-id>
         <with-id>ism-1467</with-id>
         <with-id>ism-1915</with-id>
         <with-id>ism-1806</with-id>
         <with-id>ism-1470</with-id>
         <with-id>ism-1235</with-id>
         <with-id>ism-1667</with-id>
         <with-id>ism-1668</with-id>
         <with-id>ism-1669</with-id>
         <with-id>ism-1542</with-id>
         <with-id>ism-1859</with-id>
         <with-id>ism-1823</with-id>
         <with-id>ism-1486</with-id>
         <with-id>ism-1485</with-id>
         <with-id>ism-1412</with-id>
         <with-id>ism-1585</with-id>
         <with-id>ism-1670</with-id>
         <with-id>ism-1860</with-id>
         <with-id>ism-1824</with-id>
         <with-id>ism-1601</with-id>
         <with-id>ism-1748</with-id>
         <with-id>ism-1825</with-id>
         <with-id>ism-1671</with-id>
         <with-id>ism-1488</with-id>
         <with-id>ism-1672</with-id>
         <with-id>ism-1673</with-id>
         <with-id>ism-1674</with-id>
         <with-id>ism-1890</with-id>
         <with-id>ism-1487</with-id>
         <with-id>ism-1675</with-id>
         <with-id>ism-1891</with-id>
         <with-id>ism-1676</with-id>
         <with-id>ism-1489</with-id>
         <with-id>ism-1677</with-id>
         <with-id>ism-1826</with-id>
         <with-id>ism-1483</with-id>
         <with-id>ism-1916</with-id>
         <with-id>ism-1246</with-id>
         <with-id>ism-1260</with-id>
         <with-id>ism-1247</with-id>
         <with-id>ism-1245</with-id>
         <with-id>ism-1249</with-id>
         <with-id>ism-1250</with-id>
         <with-id>ism-1926</with-id>
         <with-id>ism-1927</with-id>
         <with-id>ism-1928</with-id>
         <with-id>ism-1830</with-id>
         <with-id>ism-1827</with-id>
         <with-id>ism-1929</with-id>
         <with-id>ism-1828</with-id>
         <with-id>ism-1829</with-id>
         <with-id>ism-1930</with-id>
         <with-id>ism-1931</with-id>
         <with-id>ism-1832</with-id>
         <with-id>ism-1932</with-id>
         <with-id>ism-1933</with-id>
         <with-id>ism-1834</with-id>
         <with-id>ism-1833</with-id>
         <with-id>ism-1934</with-id>
         <with-id>ism-1835</with-id>
         <with-id>ism-1935</with-id>
         <with-id>ism-1836</with-id>
         <with-id>ism-1837</with-id>
         <with-id>ism-1838</with-id>
         <with-id>ism-1936</with-id>
         <with-id>ism-1937</with-id>
         <with-id>ism-1839</with-id>
         <with-id>ism-1840</with-id>
         <with-id>ism-1841</with-id>
         <with-id>ism-1842</with-id>
         <with-id>ism-1843</with-id>
         <with-id>ism-1844</with-id>
         <with-id>ism-1938</with-id>
         <with-id>ism-1620</with-id>
         <with-id>ism-1939</with-id>
         <with-id>ism-1940</with-id>
         <with-id>ism-1941</with-id>
         <with-id>ism-1942</with-id>
         <with-id>ism-1845</with-id>
         <with-id>ism-1846</with-id>
         <with-id>ism-1943</with-id>
         <with-id>ism-1944</with-id>
         <with-id>ism-1945</with-id>
         <with-id>ism-1946</with-id>
         <with-id>ism-1947</with-id>
         <with-id>ism-1948</with-id>
         <with-id>ism-1949</with-id>
         <with-id>ism-1950</with-id>
         <with-id>ism-1951</with-id>
         <with-id>ism-1952</with-id>
         <with-id>ism-1546</with-id>
         <with-id>ism-1603</with-id>
         <with-id>ism-1055</with-id>
         <with-id>ism-1504</with-id>
         <with-id>ism-1679</with-id>
         <with-id>ism-1680</with-id>
         <with-id>ism-1892</with-id>
         <with-id>ism-1893</with-id>
         <with-id>ism-1681</with-id>
         <with-id>ism-1919</with-id>
         <with-id>ism-1173</with-id>
         <with-id>ism-0974</with-id>
         <with-id>ism-1505</with-id>
         <with-id>ism-1401</with-id>
         <with-id>ism-1872</with-id>
         <with-id>ism-1873</with-id>
         <with-id>ism-1874</with-id>
         <with-id>ism-1682</with-id>
         <with-id>ism-1894</with-id>
         <with-id>ism-1559</with-id>
         <with-id>ism-1920</with-id>
         <with-id>ism-1683</with-id>
         <with-id>ism-0417</with-id>
         <with-id>ism-0421</with-id>
         <with-id>ism-1558</with-id>
         <with-id>ism-1895</with-id>
         <with-id>ism-1593</with-id>
         <with-id>ism-1227</with-id>
         <with-id>ism-1594</with-id>
         <with-id>ism-1595</with-id>
         <with-id>ism-1596</with-id>
         <with-id>ism-1953</with-id>
         <with-id>ism-1685</with-id>
         <with-id>ism-1795</with-id>
         <with-id>ism-1954</with-id>
         <with-id>ism-1619</with-id>
         <with-id>ism-1590</with-id>
         <with-id>ism-1955</with-id>
         <with-id>ism-1847</with-id>
         <with-id>ism-1956</with-id>
         <with-id>ism-0418</with-id>
         <with-id>ism-1597</with-id>
         <with-id>ism-1896</with-id>
         <with-id>ism-1861</with-id>
         <with-id>ism-1686</with-id>
         <with-id>ism-1897</with-id>
         <with-id>ism-1749</with-id>
         <with-id>ism-1402</with-id>
         <with-id>ism-1957</with-id>
         <with-id>ism-1875</with-id>
         <with-id>ism-1403</with-id>
         <with-id>ism-0853</with-id>
         <with-id>ism-0428</with-id>
         <with-id>ism-0408</with-id>
         <with-id>ism-1460</with-id>
         <with-id>ism-1604</with-id>
         <with-id>ism-1605</with-id>
         <with-id>ism-1606</with-id>
         <with-id>ism-1848</with-id>
         <with-id>ism-1607</with-id>
         <with-id>ism-0042</with-id>
         <with-id>ism-1211</with-id>
         <with-id>ism-1898</with-id>
         <with-id>ism-1380</with-id>
         <with-id>ism-1687</with-id>
         <with-id>ism-1688</with-id>
         <with-id>ism-1689</with-id>
         <with-id>ism-1958</with-id>
         <with-id>ism-1385</with-id>
         <with-id>ism-1750</with-id>
         <with-id>ism-1386</with-id>
         <with-id>ism-1387</with-id>
         <with-id>ism-1899</with-id>
         <with-id>ism-1143</with-id>
         <with-id>ism-0298</with-id>
         <with-id>ism-1493</with-id>
         <with-id>ism-1643</with-id>
         <with-id>ism-1807</with-id>
         <with-id>ism-1808</with-id>
         <with-id>ism-1698</with-id>
         <with-id>ism-1699</with-id>
         <with-id>ism-1700</with-id>
         <with-id>ism-1701</with-id>
         <with-id>ism-1702</with-id>
         <with-id>ism-1752</with-id>
         <with-id>ism-1703</with-id>
         <with-id>ism-1900</with-id>
         <with-id>ism-1921</with-id>
         <with-id>ism-1876</with-id>
         <with-id>ism-1690</with-id>
         <with-id>ism-1691</with-id>
         <with-id>ism-1692</with-id>
         <with-id>ism-1901</with-id>
         <with-id>ism-1693</with-id>
         <with-id>ism-1877</with-id>
         <with-id>ism-1694</with-id>
         <with-id>ism-1695</with-id>
         <with-id>ism-1696</with-id>
         <with-id>ism-1902</with-id>
         <with-id>ism-1878</with-id>
         <with-id>ism-1751</with-id>
         <with-id>ism-1879</with-id>
         <with-id>ism-1697</with-id>
         <with-id>ism-1903</with-id>
         <with-id>ism-1904</with-id>
         <with-id>ism-1905</with-id>
         <with-id>ism-1704</with-id>
         <with-id>ism-0304</with-id>
         <with-id>ism-1501</with-id>
         <with-id>ism-1753</with-id>
         <with-id>ism-1809</with-id>
         <with-id>ism-1510</with-id>
         <with-id>ism-1547</with-id>
         <with-id>ism-1548</with-id>
         <with-id>ism-1511</with-id>
         <with-id>ism-1810</with-id>
         <with-id>ism-1811</with-id>
         <with-id>ism-1812</with-id>
         <with-id>ism-1813</with-id>
         <with-id>ism-1705</with-id>
         <with-id>ism-1706</with-id>
         <with-id>ism-1814</with-id>
         <with-id>ism-1707</with-id>
         <with-id>ism-1708</with-id>
         <with-id>ism-1515</with-id>
         <with-id>ism-0580</with-id>
         <with-id>ism-0585</with-id>
         <with-id>ism-1959</with-id>
         <with-id>ism-1405</with-id>
         <with-id>ism-1815</with-id>
         <with-id>ism-0988</with-id>
         <with-id>ism-1906</with-id>
         <with-id>ism-1907</with-id>
         <with-id>ism-0109</with-id>
         <with-id>ism-1960</with-id>
         <with-id>ism-1961</with-id>
         <with-id>ism-1228</with-id>
         <with-id>ism-0859</with-id>
         <with-id>ism-0991</with-id>
         <with-id>ism-0400</with-id>
         <with-id>ism-1419</with-id>
         <with-id>ism-1420</with-id>
         <with-id>ism-1422</with-id>
         <with-id>ism-1816</with-id>
         <with-id>ism-0401</with-id>
         <with-id>ism-1780</with-id>
         <with-id>ism-1238</with-id>
         <with-id>ism-1922</with-id>
         <with-id>ism-1923</with-id>
         <with-id>ism-1924</with-id>
         <with-id>ism-1796</with-id>
         <with-id>ism-1797</with-id>
         <with-id>ism-1798</with-id>
         <with-id>ism-1730</with-id>
         <with-id>ism-0402</with-id>
         <with-id>ism-1616</with-id>
         <with-id>ism-1755</with-id>
         <with-id>ism-1756</with-id>
         <with-id>ism-1717</with-id>
         <with-id>ism-1908</with-id>
         <with-id>ism-1754</with-id>
         <with-id>ism-1909</with-id>
         <with-id>ism-0971</with-id>
         <with-id>ism-1849</with-id>
         <with-id>ism-1850</with-id>
         <with-id>ism-1239</with-id>
         <with-id>ism-1552</with-id>
         <with-id>ism-1851</with-id>
         <with-id>ism-1818</with-id>
         <with-id>ism-1817</with-id>
         <with-id>ism-1910</with-id>
         <with-id>ism-1240</with-id>
         <with-id>ism-1241</with-id>
         <with-id>ism-1424</with-id>
         <with-id>ism-1862</with-id>
         <with-id>ism-1275</with-id>
         <with-id>ism-1276</with-id>
         <with-id>ism-1278</with-id>
         <with-id>ism-1536</with-id>
         <with-id>ism-1911</with-id>
         <with-id>ism-1269</with-id>
         <with-id>ism-1277</with-id>
         <with-id>ism-1270</with-id>
         <with-id>ism-1271</with-id>
         <with-id>ism-1272</with-id>
         <with-id>ism-1273</with-id>
         <with-id>ism-1243</with-id>
         <with-id>ism-1256</with-id>
         <with-id>ism-0393</with-id>
         <with-id>ism-1255</with-id>
         <with-id>ism-1268</with-id>
         <with-id>ism-1274</with-id>
         <with-id>ism-1537</with-id>
         <with-id>ism-0264</with-id>
         <with-id>ism-0267</with-id>
         <with-id>ism-0270</with-id>
         <with-id>ism-0271</with-id>
         <with-id>ism-0272</with-id>
         <with-id>ism-1089</with-id>
         <with-id>ism-0565</with-id>
         <with-id>ism-1023</with-id>
         <with-id>ism-0569</with-id>
         <with-id>ism-0571</with-id>
         <with-id>ism-0570</with-id>
         <with-id>ism-0567</with-id>
         <with-id>ism-0572</with-id>
         <with-id>ism-1589</with-id>
         <with-id>ism-0574</with-id>
         <with-id>ism-1183</with-id>
         <with-id>ism-1151</with-id>
         <with-id>ism-0861</with-id>
         <with-id>ism-1026</with-id>
         <with-id>ism-1027</with-id>
         <with-id>ism-1540</with-id>
         <with-id>ism-1799</with-id>
         <with-id>ism-1234</with-id>
         <with-id>ism-1502</with-id>
         <with-id>ism-1024</with-id>
         <with-id>ism-0518</with-id>
         <with-id>ism-0516</with-id>
         <with-id>ism-1912</with-id>
         <with-id>ism-1178</with-id>
         <with-id>ism-1781</with-id>
         <with-id>ism-1181</with-id>
         <with-id>ism-1577</with-id>
         <with-id>ism-1532</with-id>
         <with-id>ism-0529</with-id>
         <with-id>ism-0530</with-id>
         <with-id>ism-0535</with-id>
         <with-id>ism-1364</with-id>
         <with-id>ism-0521</with-id>
         <with-id>ism-1186</with-id>
         <with-id>ism-1428</with-id>
         <with-id>ism-1429</with-id>
         <with-id>ism-1430</with-id>
         <with-id>ism-0520</with-id>
         <with-id>ism-1182</with-id>
         <with-id>ism-0385</with-id>
         <with-id>ism-1479</with-id>
         <with-id>ism-1863</with-id>
         <with-id>ism-1006</with-id>
         <with-id>ism-1962</with-id>
         <with-id>ism-1311</with-id>
         <with-id>ism-1312</with-id>
         <with-id>ism-1028</with-id>
         <with-id>ism-1030</with-id>
         <with-id>ism-1627</with-id>
         <with-id>ism-1628</with-id>
         <with-id>ism-1782</with-id>
         <with-id>ism-1800</with-id>
         <with-id>ism-1304</with-id>
         <with-id>ism-0534</with-id>
         <with-id>ism-1801</with-id>
         <with-id>ism-1963</with-id>
         <with-id>ism-1964</with-id>
         <with-id>ism-1314</with-id>
         <with-id>ism-0536</with-id>
         <with-id>ism-1315</with-id>
         <with-id>ism-1710</with-id>
         <with-id>ism-1316</with-id>
         <with-id>ism-1317</with-id>
         <with-id>ism-1318</with-id>
         <with-id>ism-1320</with-id>
         <with-id>ism-1319</with-id>
         <with-id>ism-1332</with-id>
         <with-id>ism-1321</with-id>
         <with-id>ism-1711</with-id>
         <with-id>ism-1322</with-id>
         <with-id>ism-1324</with-id>
         <with-id>ism-1323</with-id>
         <with-id>ism-1327</with-id>
         <with-id>ism-1330</with-id>
         <with-id>ism-1712</with-id>
         <with-id>ism-1454</with-id>
         <with-id>ism-1334</with-id>
         <with-id>ism-1335</with-id>
         <with-id>ism-1338</with-id>
         <with-id>ism-1437</with-id>
         <with-id>ism-1579</with-id>
         <with-id>ism-1580</with-id>
         <with-id>ism-1581</with-id>
         <with-id>ism-1438</with-id>
         <with-id>ism-1439</with-id>
         <with-id>ism-1431</with-id>
         <with-id>ism-1436</with-id>
         <with-id>ism-1432</with-id>
         <with-id>ism-0507</with-id>
         <with-id>ism-1080</with-id>
         <with-id>ism-0457</with-id>
         <with-id>ism-0459</with-id>
         <with-id>ism-0469</with-id>
         <with-id>ism-0465</with-id>
         <with-id>ism-0455</with-id>
         <with-id>ism-0462</with-id>
         <with-id>ism-0501</with-id>
         <with-id>ism-0142</with-id>
         <with-id>ism-1091</with-id>
         <with-id>ism-0471</with-id>
         <with-id>ism-0994</with-id>
         <with-id>ism-0472</with-id>
         <with-id>ism-1629</with-id>
         <with-id>ism-1446</with-id>
         <with-id>ism-0474</with-id>
         <with-id>ism-0475</with-id>
         <with-id>ism-0476</with-id>
         <with-id>ism-0477</with-id>
         <with-id>ism-1766</with-id>
         <with-id>ism-1769</with-id>
         <with-id>ism-0479</with-id>
         <with-id>ism-1917</with-id>
         <with-id>ism-0481</with-id>
         <with-id>ism-1139</with-id>
         <with-id>ism-1369</with-id>
         <with-id>ism-1370</with-id>
         <with-id>ism-1372</with-id>
         <with-id>ism-1448</with-id>
         <with-id>ism-1373</with-id>
         <with-id>ism-1374</with-id>
         <with-id>ism-1375</with-id>
         <with-id>ism-1553</with-id>
         <with-id>ism-1453</with-id>
         <with-id>ism-1506</with-id>
         <with-id>ism-0484</with-id>
         <with-id>ism-0485</with-id>
         <with-id>ism-1449</with-id>
         <with-id>ism-0487</with-id>
         <with-id>ism-0488</with-id>
         <with-id>ism-0489</with-id>
         <with-id>ism-0490</with-id>
         <with-id>ism-0494</with-id>
         <with-id>ism-0496</with-id>
         <with-id>ism-1233</with-id>
         <with-id>ism-1771</with-id>
         <with-id>ism-1772</with-id>
         <with-id>ism-0998</with-id>
         <with-id>ism-0999</with-id>
         <with-id>ism-0498</with-id>
         <with-id>ism-1000</with-id>
         <with-id>ism-0628</with-id>
         <with-id>ism-0637</with-id>
         <with-id>ism-0631</with-id>
         <with-id>ism-1192</with-id>
         <with-id>ism-1427</with-id>
         <with-id>ism-1520</with-id>
         <with-id>ism-0611</with-id>
         <with-id>ism-0616</with-id>
         <with-id>ism-0612</with-id>
         <with-id>ism-1774</with-id>
         <with-id>ism-0629</with-id>
         <with-id>ism-0619</with-id>
         <with-id>ism-0622</with-id>
         <with-id>ism-1783</with-id>
         <with-id>ism-0634</with-id>
         <with-id>ism-1037</with-id>
         <with-id>ism-0100</with-id>
         <with-id>ism-1528</with-id>
         <with-id>ism-0639</with-id>
         <with-id>ism-0643</with-id>
         <with-id>ism-1157</with-id>
         <with-id>ism-0258</with-id>
         <with-id>ism-0260</with-id>
         <with-id>ism-0261</with-id>
         <with-id>ism-0963</with-id>
         <with-id>ism-0961</with-id>
         <with-id>ism-1237</with-id>
         <with-id>ism-0263</with-id>
         <with-id>ism-0958</with-id>
         <with-id>ism-1236</with-id>
         <with-id>ism-1171</with-id>
         <with-id>ism-0659</with-id>
         <with-id>ism-0651</with-id>
         <with-id>ism-0652</with-id>
         <with-id>ism-1293</with-id>
         <with-id>ism-1289</with-id>
         <with-id>ism-1290</with-id>
         <with-id>ism-1288</with-id>
         <with-id>ism-1389</with-id>
         <with-id>ism-0649</with-id>
         <with-id>ism-1284</with-id>
         <with-id>ism-1965</with-id>
         <with-id>ism-1286</with-id>
         <with-id>ism-1287</with-id>
         <with-id>ism-0677</with-id>
         <with-id>ism-0591</with-id>
         <with-id>ism-0663</with-id>
         <with-id>ism-0661</with-id>
         <with-id>ism-0657</with-id>
         <with-id>ism-1778</with-id>
         <with-id>ism-1187</with-id>
         <with-id>ism-1779</with-id>
         <with-id>ism-1586</with-id>
         <with-id>ism-1294</with-id>
      </include-controls>
   </import>
   <merge>
      <as-is>true</as-is>
   </merge>
   <back-matter>
      <resource uuid="abea4b79-3bd3-4f68-a333-85cbebb5100d">
         <title>Information Security Manual</title>
         <rlink media-type="application/xml"
                href="https://www.cyber.gov.au/ism/oscal/v2024.09.26/artifacts/ISM_catalog.xml"/>
         <rlink media-type="application/json"
                href="https://www.cyber.gov.au/ism/oscal/v2024.09.26/artifacts/ISM_catalog.json"/>
         <rlink media-type="application/oscal+yaml"
                href="https://www.cyber.gov.au/ism/oscal/v2024.09.26/artifacts/ISM_catalog.yaml"/>
      </resource>
      <resource uuid="d906e45a-d402-4dc4-957d-7c815f22d2b8">
         <title>Information Security Manual OFFICIAL: Sensitive Baseline</title>
         <rlink media-type="application/xml"
                href="https://www.cyber.gov.au/ism/oscal/v2024.09.26/artifacts/ISM_OFFICIAL_SENSITIVE-baseline_profile.xml"/>
         <rlink media-type="application/json"
                href="https://www.cyber.gov.au/ism/oscal/v2024.09.26/artifacts/ISM_OFFICIAL_SENSITIVE-baseline_profile.json"/>
         <rlink media-type="application/oscal+yaml"
                href="https://www.cyber.gov.au/ism/oscal/v2024.09.26/artifacts/ISM_OFFICIAL_SENSITIVE-baseline_profile.yaml"/>
      </resource>
      <resource uuid="04e23f98-d357-470a-af00-6bd841c9a23d">
         <title>Information Security Manual OFFICIAL: Sensitive Baseline - latest version</title>
         <rlink media-type="application/xml"
                href="https://www.cyber.gov.au/ism/oscal/latest-version/artifacts/ISM_OFFICIAL_SENSITIVE-baseline_profile.xml"/>
         <rlink media-type="application/json"
                href="https://www.cyber.gov.au/ism/oscal/latest-version/artifacts/ISM_OFFICIAL_SENSITIVE-baseline_profile.json"/>
         <rlink media-type="application/oscal+yaml"
                href="https://www.cyber.gov.au/ism/oscal/latest-version/artifacts/ISM_OFFICIAL_SENSITIVE-baseline_profile.yaml"/>
      </resource>
      <resource uuid="eaa8cc4e-4af4-461b-8d1c-2a88844ac66c">
         <title>Information Security Manual OFFICIAL: Sensitive Baseline - predecessor version</title>
         <rlink media-type="application/xml"
                href="https://www.cyber.gov.au/ism/oscal/v2024.09.26/predecessor-version/artifacts/ISM_OFFICIAL_SENSITIVE-baseline_profile.xml"/>
         <rlink media-type="application/json"
                href="https://www.cyber.gov.au/ism/oscal/v2024.09.26/predecessor-version/artifacts/ISM_OFFICIAL_SENSITIVE-baseline_profile.json"/>
         <rlink media-type="application/oscal+yaml"
                href="https://www.cyber.gov.au/ism/oscal/v2024.09.26/predecessor-version/artifacts/ISM_OFFICIAL_SENSITIVE-baseline_profile.yaml"/>
      </resource>
      <resource uuid="3e1cdff8-dd29-437e-bad1-8e0f88edea58">
         <title>Information Security Manual OFFICIAL: Sensitive Baseline - successor version</title>
         <rlink media-type="application/xml"
                href="https://www.cyber.gov.au/ism/oscal/v2024.09.26/successor-version/artifacts/ISM_OFFICIAL_SENSITIVE-baseline_profile.xml"/>
         <rlink media-type="application/json"
                href="https://www.cyber.gov.au/ism/oscal/v2024.09.26/successor-version/artifacts/ISM_OFFICIAL_SENSITIVE-baseline_profile.json"/>
         <rlink media-type="application/oscal+yaml"
                href="https://www.cyber.gov.au/ism/oscal/v2024.09.26/successor-version/artifacts/ISM_OFFICIAL_SENSITIVE-baseline_profile.yaml"/>
      </resource>
   </back-matter>
</profile>
